,settlementDate,settlementPeriod,powerSystemResourceType,quantity
0,2018-10-20,1,"""Solar""",0
1,2018-10-20,1,"""Wind Offshore""",669.601
2,2018-10-20,1,"""Wind Onshore""",1210.038
3,2018-10-20,1,"""Other""",67
4,2018-10-20,1,"""Nuclear""",5388
5,2018-10-20,1,"""Fossil Oil""",0
6,2018-10-20,1,"""Fossil Gas""",11584
7,2018-10-20,1,"""Fossil Hard coal""",759
8,2018-10-20,1,"""Hydro Run-of-river and poundage""",471
9,2018-10-20,1,"""Hydro Pumped Storage""",0
10,2018-10-20,1,"""Biomass""",2235
11,2018-10-20,2,"""Solar""",0
12,2018-10-20,2,"""Wind Offshore""",689.503
13,2018-10-20,2,"""Wind Onshore""",1266.233
14,2018-10-20,2,"""Other""",64
15,2018-10-20,2,"""Nuclear""",5388
16,2018-10-20,2,"""Fossil Oil""",0
17,2018-10-20,2,"""Fossil Gas""",11100
18,2018-10-20,2,"""Fossil Hard coal""",691
19,2018-10-20,2,"""Hydro Run-of-river and poundage""",459
20,2018-10-20,2,"""Hydro Pumped Storage""",0
21,2018-10-20,2,"""Biomass""",1792
22,2018-10-20,3,"""Solar""",0
23,2018-10-20,3,"""Wind Offshore""",659.011
24,2018-10-20,3,"""Wind Onshore""",1486.961
25,2018-10-20,3,"""Other""",27
26,2018-10-20,3,"""Nuclear""",5394
27,2018-10-20,3,"""Fossil Oil""",0
28,2018-10-20,3,"""Fossil Gas""",11183
29,2018-10-20,3,"""Fossil Hard coal""",486
30,2018-10-20,3,"""Hydro Run-of-river and poundage""",439
31,2018-10-20,3,"""Hydro Pumped Storage""",0
32,2018-10-20,3,"""Biomass""",1804
33,2018-10-20,4,"""Solar""",0
34,2018-10-20,4,"""Wind Offshore""",687.36
35,2018-10-20,4,"""Wind Onshore""",1559.999
36,2018-10-20,4,"""Other""",26
37,2018-10-20,4,"""Nuclear""",5396
38,2018-10-20,4,"""Fossil Oil""",0
39,2018-10-20,4,"""Fossil Gas""",11607
40,2018-10-20,4,"""Fossil Hard coal""",491
41,2018-10-20,4,"""Hydro Run-of-river and poundage""",440
42,2018-10-20,4,"""Hydro Pumped Storage""",73
43,2018-10-20,4,"""Biomass""",1785
44,2018-10-20,5,"""Solar""",0
45,2018-10-20,5,"""Wind Offshore""",764.224
46,2018-10-20,5,"""Wind Onshore""",1775.182
47,2018-10-20,5,"""Other""",26
48,2018-10-20,5,"""Nuclear""",5394
49,2018-10-20,5,"""Fossil Oil""",0
50,2018-10-20,5,"""Fossil Gas""",11673
51,2018-10-20,5,"""Fossil Hard coal""",518
52,2018-10-20,5,"""Hydro Run-of-river and poundage""",440
53,2018-10-20,5,"""Hydro Pumped Storage""",0
54,2018-10-20,5,"""Biomass""",1778
55,2018-10-20,6,"""Solar""",0
56,2018-10-20,6,"""Wind Offshore""",797.213
57,2018-10-20,6,"""Wind Onshore""",1803.459
58,2018-10-20,6,"""Other""",27
59,2018-10-20,6,"""Nuclear""",5391
60,2018-10-20,6,"""Fossil Oil""",0
61,2018-10-20,6,"""Fossil Gas""",11395
62,2018-10-20,6,"""Fossil Hard coal""",244
63,2018-10-20,6,"""Hydro Run-of-river and poundage""",440
64,2018-10-20,6,"""Hydro Pumped Storage""",0
65,2018-10-20,6,"""Biomass""",1779
66,2018-10-20,7,"""Solar""",0
67,2018-10-20,7,"""Wind Offshore""",788.237
68,2018-10-20,7,"""Wind Onshore""",2103.9
69,2018-10-20,7,"""Other""",27
70,2018-10-20,7,"""Nuclear""",5251
71,2018-10-20,7,"""Fossil Oil""",0
72,2018-10-20,7,"""Fossil Gas""",10997
73,2018-10-20,7,"""Fossil Hard coal""",0
74,2018-10-20,7,"""Hydro Run-of-river and poundage""",440
75,2018-10-20,7,"""Hydro Pumped Storage""",0
76,2018-10-20,7,"""Biomass""",1775
77,2018-10-20,8,"""Solar""",0
78,2018-10-20,8,"""Wind Offshore""",789.086
79,2018-10-20,8,"""Wind Onshore""",2126.3
80,2018-10-20,8,"""Other""",27
81,2018-10-20,8,"""Nuclear""",5136
82,2018-10-20,8,"""Fossil Oil""",0
83,2018-10-20,8,"""Fossil Gas""",10529
84,2018-10-20,8,"""Fossil Hard coal""",0
85,2018-10-20,8,"""Hydro Run-of-river and poundage""",440
86,2018-10-20,8,"""Hydro Pumped Storage""",0
87,2018-10-20,8,"""Biomass""",1771
88,2018-10-20,9,"""Solar""",0
89,2018-10-20,9,"""Wind Offshore""",784.691
90,2018-10-20,9,"""Wind Onshore""",2230.65
91,2018-10-20,9,"""Other""",27
92,2018-10-20,9,"""Nuclear""",4992
93,2018-10-20,9,"""Fossil Oil""",0
94,2018-10-20,9,"""Fossil Gas""",10420
95,2018-10-20,9,"""Fossil Hard coal""",0
96,2018-10-20,9,"""Hydro Run-of-river and poundage""",441
97,2018-10-20,9,"""Hydro Pumped Storage""",0
98,2018-10-20,9,"""Biomass""",1763
99,2018-10-20,10,"""Solar""",0
100,2018-10-20,10,"""Wind Offshore""",753.717
101,2018-10-20,10,"""Wind Onshore""",2322.309
102,2018-10-20,10,"""Other""",27
103,2018-10-20,10,"""Nuclear""",4935
104,2018-10-20,10,"""Fossil Oil""",0
105,2018-10-20,10,"""Fossil Gas""",10264
106,2018-10-20,10,"""Fossil Hard coal""",0
107,2018-10-20,10,"""Hydro Run-of-river and poundage""",127
108,2018-10-20,10,"""Hydro Pumped Storage""",0
109,2018-10-20,10,"""Biomass""",1765
110,2018-10-20,11,"""Solar""",0
111,2018-10-20,11,"""Wind Offshore""",736.818
112,2018-10-20,11,"""Wind Onshore""",2484.259
113,2018-10-20,11,"""Other""",26
114,2018-10-20,11,"""Nuclear""",4945
115,2018-10-20,11,"""Fossil Oil""",0
116,2018-10-20,11,"""Fossil Gas""",10426
117,2018-10-20,11,"""Fossil Hard coal""",0
118,2018-10-20,11,"""Hydro Run-of-river and poundage""",137
119,2018-10-20,11,"""Hydro Pumped Storage""",0
120,2018-10-20,11,"""Biomass""",1769
121,2018-10-20,12,"""Solar""",0
122,2018-10-20,12,"""Wind Offshore""",791.804
123,2018-10-20,12,"""Wind Onshore""",2545.045
124,2018-10-20,12,"""Other""",27
125,2018-10-20,12,"""Nuclear""",5070
126,2018-10-20,12,"""Fossil Oil""",0
127,2018-10-20,12,"""Fossil Gas""",10372
128,2018-10-20,12,"""Fossil Hard coal""",0
129,2018-10-20,12,"""Hydro Run-of-river and poundage""",446
130,2018-10-20,12,"""Hydro Pumped Storage""",0
131,2018-10-20,12,"""Biomass""",1765
132,2018-10-20,13,"""Wind Onshore""",2772.939
133,2018-10-20,13,"""Other""",26
134,2018-10-20,13,"""Nuclear""",5079
135,2018-10-20,13,"""Fossil Oil""",0
136,2018-10-20,13,"""Fossil Gas""",11255
137,2018-10-20,13,"""Fossil Hard coal""",0
138,2018-10-20,13,"""Hydro Run-of-river and poundage""",525
139,2018-10-20,13,"""Hydro Pumped Storage""",0
140,2018-10-20,13,"""Biomass""",1764
141,2018-10-20,13,"""Solar""",0
142,2018-10-20,13,"""Wind Offshore""",791.144
143,2018-10-20,14,"""Solar""",1
144,2018-10-20,14,"""Wind Offshore""",818.923
145,2018-10-20,14,"""Wind Onshore""",2829.745
146,2018-10-20,14,"""Other""",27
147,2018-10-20,14,"""Nuclear""",5127
148,2018-10-20,14,"""Fossil Oil""",0
149,2018-10-20,14,"""Fossil Gas""",11283
150,2018-10-20,14,"""Fossil Hard coal""",0
151,2018-10-20,14,"""Hydro Run-of-river and poundage""",537
152,2018-10-20,14,"""Hydro Pumped Storage""",2
153,2018-10-20,14,"""Biomass""",1762
154,2018-10-20,15,"""Solar""",0
155,2018-10-20,15,"""Wind Offshore""",788.617
156,2018-10-20,15,"""Wind Onshore""",2898.48
157,2018-10-20,15,"""Other""",27
158,2018-10-20,15,"""Nuclear""",5275
159,2018-10-20,15,"""Fossil Oil""",0
160,2018-10-20,15,"""Fossil Gas""",12299
161,2018-10-20,15,"""Fossil Hard coal""",0
162,2018-10-20,15,"""Hydro Run-of-river and poundage""",540
163,2018-10-20,15,"""Hydro Pumped Storage""",0
164,2018-10-20,15,"""Biomass""",1764
165,2018-10-20,16,"""Solar""",119
166,2018-10-20,16,"""Wind Offshore""",787.045
167,2018-10-20,16,"""Wind Onshore""",3090.193
168,2018-10-20,16,"""Other""",27
169,2018-10-20,16,"""Nuclear""",5295
170,2018-10-20,16,"""Fossil Oil""",0
171,2018-10-20,16,"""Fossil Gas""",13298
172,2018-10-20,16,"""Fossil Hard coal""",0
173,2018-10-20,16,"""Hydro Run-of-river and poundage""",540
174,2018-10-20,16,"""Hydro Pumped Storage""",157
175,2018-10-20,16,"""Biomass""",1766
176,2018-10-20,17,"""Solar""",517
177,2018-10-20,17,"""Wind Offshore""",801.616
178,2018-10-20,17,"""Wind Onshore""",3102.089
179,2018-10-20,17,"""Other""",27
180,2018-10-20,17,"""Nuclear""",5293
181,2018-10-20,17,"""Fossil Oil""",0
182,2018-10-20,17,"""Fossil Gas""",14555
183,2018-10-20,17,"""Fossil Hard coal""",0
184,2018-10-20,17,"""Hydro Run-of-river and poundage""",699
185,2018-10-20,17,"""Hydro Pumped Storage""",152
186,2018-10-20,17,"""Biomass""",1759
187,2018-10-20,18,"""Solar""",1134
188,2018-10-20,18,"""Wind Offshore""",904.472
189,2018-10-20,18,"""Wind Onshore""",3301.3
190,2018-10-20,18,"""Other""",26
191,2018-10-20,18,"""Nuclear""",5300
192,2018-10-20,18,"""Fossil Oil""",0
193,2018-10-20,18,"""Fossil Gas""",14834
194,2018-10-20,18,"""Fossil Hard coal""",0
195,2018-10-20,18,"""Hydro Run-of-river and poundage""",822
196,2018-10-20,18,"""Hydro Pumped Storage""",159
197,2018-10-20,18,"""Biomass""",1769
198,2018-10-20,19,"""Solar""",1955
199,2018-10-20,19,"""Wind Offshore""",857.052
200,2018-10-20,19,"""Wind Onshore""",3464.727
201,2018-10-20,19,"""Other""",26
202,2018-10-20,19,"""Nuclear""",5292
203,2018-10-20,19,"""Fossil Oil""",0
204,2018-10-20,19,"""Fossil Gas""",15168
205,2018-10-20,19,"""Fossil Hard coal""",0
206,2018-10-20,19,"""Hydro Run-of-river and poundage""",805
207,2018-10-20,19,"""Hydro Pumped Storage""",455
208,2018-10-20,19,"""Biomass""",1766
209,2018-10-20,20,"""Solar""",2736
210,2018-10-20,20,"""Wind Offshore""",836.104
211,2018-10-20,20,"""Wind Onshore""",3417.326
212,2018-10-20,20,"""Other""",26
213,2018-10-20,20,"""Nuclear""",5154
214,2018-10-20,20,"""Fossil Oil""",0
215,2018-10-20,20,"""Fossil Gas""",15570
216,2018-10-20,20,"""Fossil Hard coal""",0
217,2018-10-20,20,"""Hydro Run-of-river and poundage""",811
218,2018-10-20,20,"""Hydro Pumped Storage""",160
219,2018-10-20,20,"""Biomass""",1766
220,2018-10-20,21,"""Solar""",0
221,2018-10-20,21,"""Wind Offshore""",919.351
222,2018-10-20,21,"""Wind Onshore""",3506.175
223,2018-10-20,21,"""Other""",27
224,2018-10-20,21,"""Nuclear""",5146
225,2018-10-20,21,"""Fossil Oil""",0
226,2018-10-20,21,"""Fossil Gas""",15212
227,2018-10-20,21,"""Fossil Hard coal""",0
228,2018-10-20,21,"""Hydro Run-of-river and poundage""",720
229,2018-10-20,21,"""Hydro Pumped Storage""",144
230,2018-10-20,21,"""Biomass""",1769
231,2018-10-20,22,"""Solar""",3440
232,2018-10-20,22,"""Wind Offshore""",910.038
233,2018-10-20,22,"""Wind Onshore""",3517.036
234,2018-10-20,22,"""Other""",26
235,2018-10-20,22,"""Nuclear""",5160
236,2018-10-20,22,"""Fossil Oil""",0
237,2018-10-20,22,"""Fossil Gas""",14586
238,2018-10-20,22,"""Fossil Hard coal""",0
239,2018-10-20,22,"""Hydro Run-of-river and poundage""",722
240,2018-10-20,22,"""Hydro Pumped Storage""",156
241,2018-10-20,22,"""Biomass""",1765
242,2018-10-20,23,"""Solar""",4000
243,2018-10-20,23,"""Wind Offshore""",1024.614
244,2018-10-20,23,"""Wind Onshore""",3423.078
245,2018-10-20,23,"""Other""",26
246,2018-10-20,23,"""Nuclear""",5161
247,2018-10-20,23,"""Fossil Oil""",0
248,2018-10-20,23,"""Fossil Gas""",14274
249,2018-10-20,23,"""Fossil Hard coal""",0
250,2018-10-20,23,"""Hydro Run-of-river and poundage""",715
251,2018-10-20,23,"""Hydro Pumped Storage""",147
252,2018-10-20,23,"""Biomass""",1766
253,2018-10-20,24,"""Solar""",4470
254,2018-10-20,24,"""Wind Offshore""",1096.886
255,2018-10-20,24,"""Wind Onshore""",3439.711
256,2018-10-20,24,"""Other""",27
257,2018-10-20,24,"""Nuclear""",5291
258,2018-10-20,24,"""Fossil Oil""",0
259,2018-10-20,24,"""Fossil Gas""",13254
260,2018-10-20,24,"""Fossil Hard coal""",0
261,2018-10-20,24,"""Hydro Run-of-river and poundage""",627
262,2018-10-20,24,"""Hydro Pumped Storage""",146
263,2018-10-20,24,"""Biomass""",1772
264,2018-10-20,25,"""Solar""",4910
265,2018-10-20,25,"""Wind Offshore""",1161.302
266,2018-10-20,25,"""Wind Onshore""",3565.616
267,2018-10-20,25,"""Other""",26
268,2018-10-20,25,"""Nuclear""",5334
269,2018-10-20,25,"""Fossil Oil""",0
270,2018-10-20,25,"""Fossil Gas""",12680
271,2018-10-20,25,"""Fossil Hard coal""",0
272,2018-10-20,25,"""Hydro Run-of-river and poundage""",552
273,2018-10-20,25,"""Hydro Pumped Storage""",147
274,2018-10-20,25,"""Biomass""",1773
275,2018-10-20,26,"""Solar""",5210
276,2018-10-20,26,"""Wind Offshore""",1203.737
277,2018-10-20,26,"""Wind Onshore""",3751.995
278,2018-10-20,26,"""Other""",26
279,2018-10-20,26,"""Nuclear""",5392
280,2018-10-20,26,"""Fossil Oil""",0
281,2018-10-20,26,"""Fossil Gas""",11759
282,2018-10-20,26,"""Fossil Hard coal""",0
283,2018-10-20,26,"""Hydro Run-of-river and poundage""",514
284,2018-10-20,26,"""Hydro Pumped Storage""",175
285,2018-10-20,26,"""Biomass""",1771
286,2018-10-20,27,"""Solar""",5340
287,2018-10-20,27,"""Wind Offshore""",1144.459
288,2018-10-20,27,"""Wind Onshore""",3623.959
289,2018-10-20,27,"""Other""",27
290,2018-10-20,27,"""Nuclear""",5394
291,2018-10-20,27,"""Fossil Oil""",0
292,2018-10-20,27,"""Fossil Gas""",11529
293,2018-10-20,27,"""Fossil Hard coal""",0
294,2018-10-20,27,"""Hydro Run-of-river and poundage""",451
295,2018-10-20,27,"""Hydro Pumped Storage""",180
296,2018-10-20,27,"""Biomass""",1767
297,2018-10-20,28,"""Solar""",5250
298,2018-10-20,28,"""Wind Offshore""",1142.097
299,2018-10-20,28,"""Wind Onshore""",3522.717
300,2018-10-20,28,"""Other""",27
301,2018-10-20,28,"""Nuclear""",5382
302,2018-10-20,28,"""Fossil Oil""",0
303,2018-10-20,28,"""Fossil Gas""",11225
304,2018-10-20,28,"""Fossil Hard coal""",0
305,2018-10-20,28,"""Hydro Run-of-river and poundage""",462
306,2018-10-20,28,"""Hydro Pumped Storage""",147
307,2018-10-20,28,"""Biomass""",1765
308,2018-10-20,29,"""Solar""",4810
309,2018-10-20,29,"""Wind Offshore""",1127.63
310,2018-10-20,29,"""Wind Onshore""",3743.832
311,2018-10-20,29,"""Other""",50
312,2018-10-20,29,"""Nuclear""",5224
313,2018-10-20,29,"""Fossil Oil""",0
314,2018-10-20,29,"""Fossil Gas""",10727
315,2018-10-20,29,"""Fossil Hard coal""",0
316,2018-10-20,29,"""Hydro Run-of-river and poundage""",463
317,2018-10-20,29,"""Hydro Pumped Storage""",162
318,2018-10-20,29,"""Biomass""",1735
319,2018-10-20,30,"""Solar""",4280
320,2018-10-20,30,"""Wind Offshore""",1135.37
321,2018-10-20,30,"""Wind Onshore""",3859.061
322,2018-10-20,30,"""Other""",50
323,2018-10-20,30,"""Nuclear""",5163
324,2018-10-20,30,"""Fossil Oil""",0
325,2018-10-20,30,"""Fossil Gas""",10522
326,2018-10-20,30,"""Fossil Hard coal""",0
327,2018-10-20,30,"""Hydro Run-of-river and poundage""",464
328,2018-10-20,30,"""Hydro Pumped Storage""",264
329,2018-10-20,30,"""Biomass""",1739
330,2018-10-20,31,"""Solar""",3660
331,2018-10-20,31,"""Wind Offshore""",1144.006
332,2018-10-20,31,"""Wind Onshore""",3939.018
333,2018-10-20,31,"""Other""",54
334,2018-10-20,31,"""Nuclear""",5153
335,2018-10-20,31,"""Fossil Oil""",0
336,2018-10-20,31,"""Fossil Gas""",10936
337,2018-10-20,31,"""Fossil Hard coal""",0
338,2018-10-20,31,"""Hydro Run-of-river and poundage""",474
339,2018-10-20,31,"""Hydro Pumped Storage""",172
340,2018-10-20,31,"""Biomass""",1738
341,2018-10-20,32,"""Solar""",2930
342,2018-10-20,32,"""Wind Offshore""",1156.286
343,2018-10-20,32,"""Wind Onshore""",3765.499
344,2018-10-20,32,"""Other""",67
345,2018-10-20,32,"""Nuclear""",5159
346,2018-10-20,32,"""Fossil Oil""",0
347,2018-10-20,32,"""Fossil Gas""",11610
348,2018-10-20,32,"""Fossil Hard coal""",0
349,2018-10-20,32,"""Hydro Run-of-river and poundage""",512
350,2018-10-20,32,"""Hydro Pumped Storage""",150
351,2018-10-20,32,"""Biomass""",1736
352,2018-10-20,33,"""Solar""",2140
353,2018-10-20,33,"""Wind Offshore""",1162.382
354,2018-10-20,33,"""Wind Onshore""",3564.17
355,2018-10-20,33,"""Other""",67
356,2018-10-20,33,"""Nuclear""",5094
357,2018-10-20,33,"""Fossil Oil""",0
358,2018-10-20,33,"""Fossil Gas""",12998
359,2018-10-20,33,"""Fossil Hard coal""",0
360,2018-10-20,33,"""Hydro Run-of-river and poundage""",513
361,2018-10-20,33,"""Hydro Pumped Storage""",258
362,2018-10-20,33,"""Biomass""",1735
363,2018-10-20,34,"""Solar""",1410
364,2018-10-20,34,"""Wind Offshore""",1117.559
365,2018-10-20,34,"""Wind Onshore""",3409.582
366,2018-10-20,34,"""Other""",66
367,2018-10-20,34,"""Nuclear""",4939
368,2018-10-20,34,"""Fossil Oil""",0
369,2018-10-20,34,"""Fossil Gas""",14754
370,2018-10-20,34,"""Fossil Hard coal""",123
371,2018-10-20,34,"""Hydro Run-of-river and poundage""",520
372,2018-10-20,34,"""Hydro Pumped Storage""",292
373,2018-10-20,34,"""Biomass""",1734
374,2018-10-20,35,"""Solar""",660
375,2018-10-20,35,"""Wind Offshore""",1147.867
376,2018-10-20,35,"""Wind Onshore""",3296.083
377,2018-10-20,35,"""Other""",67
378,2018-10-20,35,"""Nuclear""",5046
379,2018-10-20,35,"""Fossil Oil""",0
380,2018-10-20,35,"""Fossil Gas""",15476
381,2018-10-20,35,"""Fossil Hard coal""",702
382,2018-10-20,35,"""Hydro Run-of-river and poundage""",768
383,2018-10-20,35,"""Hydro Pumped Storage""",164
384,2018-10-20,35,"""Biomass""",1743
385,2018-10-20,36,"""Fossil Oil""",0
386,2018-10-20,36,"""Fossil Gas""",16058
387,2018-10-20,36,"""Fossil Hard coal""",991
388,2018-10-20,36,"""Hydro Run-of-river and poundage""",845
389,2018-10-20,36,"""Hydro Pumped Storage""",509
390,2018-10-20,36,"""Biomass""",1742
391,2018-10-20,36,"""Solar""",128
392,2018-10-20,36,"""Wind Offshore""",1110.909
393,2018-10-20,36,"""Wind Onshore""",3253.581
394,2018-10-20,36,"""Other""",67
395,2018-10-20,36,"""Nuclear""",5145
396,2018-10-20,37,"""Solar""",7
397,2018-10-20,37,"""Wind Offshore""",1015.892
398,2018-10-20,37,"""Wind Onshore""",3099.743
399,2018-10-20,37,"""Other""",66
400,2018-10-20,37,"""Nuclear""",5199
401,2018-10-20,37,"""Fossil Oil""",0
402,2018-10-20,37,"""Fossil Gas""",16225
403,2018-10-20,37,"""Fossil Hard coal""",1274
404,2018-10-20,37,"""Hydro Run-of-river and poundage""",811
405,2018-10-20,37,"""Hydro Pumped Storage""",1594
406,2018-10-20,37,"""Biomass""",1746
407,2018-10-20,38,"""Solar""",6
408,2018-10-20,38,"""Wind Offshore""",1041.131
409,2018-10-20,38,"""Wind Onshore""",2996.42
410,2018-10-20,38,"""Other""",67
411,2018-10-20,38,"""Nuclear""",5350
412,2018-10-20,38,"""Fossil Oil""",0
413,2018-10-20,38,"""Fossil Gas""",17174
414,2018-10-20,38,"""Fossil Hard coal""",1582
415,2018-10-20,38,"""Hydro Run-of-river and poundage""",797
416,2018-10-20,38,"""Hydro Pumped Storage""",1926
417,2018-10-20,38,"""Biomass""",1742
418,2018-10-20,39,"""Solar""",4
419,2018-10-20,39,"""Wind Offshore""",1083.49
420,2018-10-20,39,"""Wind Onshore""",3080.332
421,2018-10-20,39,"""Other""",65
422,2018-10-20,39,"""Nuclear""",5377
423,2018-10-20,39,"""Fossil Oil""",0
424,2018-10-20,39,"""Fossil Gas""",16662
425,2018-10-20,39,"""Fossil Hard coal""",1753
426,2018-10-20,39,"""Hydro Run-of-river and poundage""",811
427,2018-10-20,39,"""Hydro Pumped Storage""",1730
428,2018-10-20,39,"""Biomass""",1744
429,2018-10-20,40,"""Solar""",4
430,2018-10-20,40,"""Wind Offshore""",1133.585
431,2018-10-20,40,"""Wind Onshore""",3147.259
432,2018-10-20,40,"""Other""",64
433,2018-10-20,40,"""Nuclear""",5378
434,2018-10-20,40,"""Fossil Oil""",0
435,2018-10-20,40,"""Fossil Gas""",16334
436,2018-10-20,40,"""Fossil Hard coal""",1481
437,2018-10-20,40,"""Hydro Run-of-river and poundage""",801
438,2018-10-20,40,"""Hydro Pumped Storage""",1433
439,2018-10-20,40,"""Biomass""",1767
440,2018-10-20,41,"""Solar""",2
441,2018-10-20,41,"""Wind Offshore""",1154.822
442,2018-10-20,41,"""Wind Onshore""",3144.345
443,2018-10-20,41,"""Other""",66
444,2018-10-20,41,"""Nuclear""",5381
445,2018-10-20,41,"""Fossil Oil""",0
446,2018-10-20,41,"""Fossil Gas""",16119
447,2018-10-20,41,"""Fossil Hard coal""",1268
448,2018-10-20,41,"""Hydro Run-of-river and poundage""",719
449,2018-10-20,41,"""Hydro Pumped Storage""",711
450,2018-10-20,41,"""Biomass""",1767
451,2018-10-20,42,"""Solar""",3
452,2018-10-20,42,"""Wind Offshore""",1147.084
453,2018-10-20,42,"""Wind Onshore""",3321.164
454,2018-10-20,42,"""Other""",64
455,2018-10-20,42,"""Nuclear""",5380
456,2018-10-20,42,"""Fossil Oil""",0
457,2018-10-20,42,"""Fossil Gas""",15304
458,2018-10-20,42,"""Fossil Hard coal""",1073
459,2018-10-20,42,"""Hydro Run-of-river and poundage""",659
460,2018-10-20,42,"""Hydro Pumped Storage""",447
461,2018-10-20,42,"""Biomass""",1768
462,2018-10-20,43,"""Solar""",2
463,2018-10-20,43,"""Wind Offshore""",1132.125
464,2018-10-20,43,"""Wind Onshore""",3311.295
465,2018-10-20,43,"""Other""",76
466,2018-10-20,43,"""Nuclear""",5382
467,2018-10-20,43,"""Fossil Oil""",0
468,2018-10-20,43,"""Fossil Gas""",15066
469,2018-10-20,43,"""Fossil Hard coal""",521
470,2018-10-20,43,"""Hydro Run-of-river and poundage""",579
471,2018-10-20,43,"""Hydro Pumped Storage""",500
472,2018-10-20,43,"""Biomass""",1762
473,2018-10-20,44,"""Solar""",0
474,2018-10-20,44,"""Wind Offshore""",1167.956
475,2018-10-20,44,"""Wind Onshore""",3394.577
476,2018-10-20,44,"""Other""",64
477,2018-10-20,44,"""Nuclear""",5384
478,2018-10-20,44,"""Fossil Oil""",0
479,2018-10-20,44,"""Fossil Gas""",14123
480,2018-10-20,44,"""Fossil Hard coal""",515
481,2018-10-20,44,"""Hydro Run-of-river and poundage""",563
482,2018-10-20,44,"""Hydro Pumped Storage""",317
483,2018-10-20,44,"""Biomass""",1767
484,2018-10-20,45,"""Solar""",0
485,2018-10-20,45,"""Wind Offshore""",1167.482
486,2018-10-20,45,"""Wind Onshore""",3310.529
487,2018-10-20,45,"""Other""",65
488,2018-10-20,45,"""Nuclear""",5380
489,2018-10-20,45,"""Fossil Oil""",0
490,2018-10-20,45,"""Fossil Gas""",14043
491,2018-10-20,45,"""Fossil Hard coal""",0
492,2018-10-20,45,"""Hydro Run-of-river and poundage""",471
493,2018-10-20,45,"""Hydro Pumped Storage""",158
494,2018-10-20,45,"""Biomass""",1768
495,2018-10-20,46,"""Solar""",0
496,2018-10-20,46,"""Wind Offshore""",1146.14
497,2018-10-20,46,"""Wind Onshore""",3173.445
498,2018-10-20,46,"""Other""",65
499,2018-10-20,46,"""Nuclear""",5384
500,2018-10-20,46,"""Fossil Oil""",0
501,2018-10-20,46,"""Fossil Gas""",13087
502,2018-10-20,46,"""Fossil Hard coal""",0
503,2018-10-20,46,"""Hydro Run-of-river and poundage""",546
504,2018-10-20,46,"""Hydro Pumped Storage""",265
505,2018-10-20,46,"""Biomass""",1768
506,2018-10-20,47,"""Solar""",0
507,2018-10-20,47,"""Wind Offshore""",1272.055
508,2018-10-20,47,"""Wind Onshore""",2976.131
509,2018-10-20,47,"""Other""",66
510,2018-10-20,47,"""Nuclear""",5388
511,2018-10-20,47,"""Fossil Oil""",0
512,2018-10-20,47,"""Fossil Gas""",12184
513,2018-10-20,47,"""Fossil Hard coal""",0
514,2018-10-20,47,"""Hydro Run-of-river and poundage""",546
515,2018-10-20,47,"""Hydro Pumped Storage""",0
516,2018-10-20,47,"""Biomass""",1766
517,2018-10-20,48,"""Solar""",0
518,2018-10-20,48,"""Wind Offshore""",1213.776
519,2018-10-20,48,"""Wind Onshore""",3100.37
520,2018-10-20,48,"""Other""",65
521,2018-10-20,48,"""Nuclear""",5317
522,2018-10-20,48,"""Fossil Oil""",0
523,2018-10-20,48,"""Fossil Gas""",10619
524,2018-10-20,48,"""Fossil Hard coal""",0
525,2018-10-20,48,"""Hydro Run-of-river and poundage""",543
526,2018-10-20,48,"""Hydro Pumped Storage""",0
527,2018-10-20,48,"""Biomass""",1769
528,2018-10-21,1,"""Solar""",0
529,2018-10-21,1,"""Wind Offshore""",1172.089
530,2018-10-21,1,"""Wind Onshore""",3294.034
531,2018-10-21,1,"""Other""",66
532,2018-10-21,1,"""Nuclear""",5125
533,2018-10-21,1,"""Fossil Oil""",0
534,2018-10-21,1,"""Fossil Gas""",9468
535,2018-10-21,1,"""Fossil Hard coal""",0
536,2018-10-21,1,"""Hydro Run-of-river and poundage""",544
537,2018-10-21,1,"""Hydro Pumped Storage""",0
538,2018-10-21,1,"""Biomass""",1766
539,2018-10-21,2,"""Solar""",0
540,2018-10-21,2,"""Wind Offshore""",1176.312
541,2018-10-21,2,"""Wind Onshore""",3150.491
542,2018-10-21,2,"""Other""",64
543,2018-10-21,2,"""Nuclear""",4954
544,2018-10-21,2,"""Fossil Oil""",0
545,2018-10-21,2,"""Fossil Gas""",9133
546,2018-10-21,2,"""Fossil Hard coal""",0
547,2018-10-21,2,"""Hydro Run-of-river and poundage""",541
548,2018-10-21,2,"""Hydro Pumped Storage""",0
549,2018-10-21,2,"""Biomass""",1779
550,2018-10-21,3,"""Solar""",0
551,2018-10-21,3,"""Wind Offshore""",1276.664
552,2018-10-21,3,"""Wind Onshore""",2907.288
553,2018-10-21,3,"""Other""",65
554,2018-10-21,3,"""Nuclear""",4922
555,2018-10-21,3,"""Fossil Oil""",0
556,2018-10-21,3,"""Fossil Gas""",9324
557,2018-10-21,3,"""Fossil Hard coal""",0
558,2018-10-21,3,"""Hydro Run-of-river and poundage""",532
559,2018-10-21,3,"""Hydro Pumped Storage""",0
560,2018-10-21,3,"""Biomass""",1778
561,2018-10-21,4,"""Solar""",0
562,2018-10-21,4,"""Wind Offshore""",1369.584
563,2018-10-21,4,"""Wind Onshore""",2977.678
564,2018-10-21,4,"""Other""",65
565,2018-10-21,4,"""Nuclear""",4921
566,2018-10-21,4,"""Fossil Oil""",0
567,2018-10-21,4,"""Fossil Gas""",9073
568,2018-10-21,4,"""Fossil Hard coal""",0
569,2018-10-21,4,"""Hydro Run-of-river and poundage""",524
570,2018-10-21,4,"""Hydro Pumped Storage""",0
571,2018-10-21,4,"""Biomass""",1777
572,2018-10-21,5,"""Solar""",0
573,2018-10-21,5,"""Wind Offshore""",1331.219
574,2018-10-21,5,"""Wind Onshore""",2966.908
575,2018-10-21,5,"""Other""",32
576,2018-10-21,5,"""Nuclear""",5015
577,2018-10-21,5,"""Fossil Oil""",0
578,2018-10-21,5,"""Fossil Gas""",8979
579,2018-10-21,5,"""Fossil Hard coal""",0
580,2018-10-21,5,"""Hydro Run-of-river and poundage""",523
581,2018-10-21,5,"""Hydro Pumped Storage""",0
582,2018-10-21,5,"""Biomass""",1777
583,2018-10-21,6,"""Solar""",0
584,2018-10-21,6,"""Wind Offshore""",1294.542
585,2018-10-21,6,"""Wind Onshore""",3055.483
586,2018-10-21,6,"""Other""",61
587,2018-10-21,6,"""Nuclear""",5129
588,2018-10-21,6,"""Fossil Oil""",0
589,2018-10-21,6,"""Fossil Gas""",8926
590,2018-10-21,6,"""Fossil Hard coal""",0
591,2018-10-21,6,"""Hydro Run-of-river and poundage""",523
592,2018-10-21,6,"""Hydro Pumped Storage""",0
593,2018-10-21,6,"""Biomass""",1768
594,2018-10-21,7,"""Solar""",0
595,2018-10-21,7,"""Wind Offshore""",1307.933
596,2018-10-21,7,"""Wind Onshore""",3326.574
597,2018-10-21,7,"""Other""",64
598,2018-10-21,7,"""Nuclear""",5161
599,2018-10-21,7,"""Fossil Oil""",0
600,2018-10-21,7,"""Fossil Gas""",8149
601,2018-10-21,7,"""Fossil Hard coal""",0
602,2018-10-21,7,"""Hydro Run-of-river and poundage""",523
603,2018-10-21,7,"""Hydro Pumped Storage""",0
604,2018-10-21,7,"""Biomass""",1764
605,2018-10-21,8,"""Solar""",0
606,2018-10-21,8,"""Wind Offshore""",1337.609
607,2018-10-21,8,"""Wind Onshore""",3366.124
608,2018-10-21,8,"""Other""",63
609,2018-10-21,8,"""Nuclear""",5236
610,2018-10-21,8,"""Fossil Oil""",0
611,2018-10-21,8,"""Fossil Gas""",7675
612,2018-10-21,8,"""Fossil Hard coal""",0
613,2018-10-21,8,"""Hydro Run-of-river and poundage""",524
614,2018-10-21,8,"""Hydro Pumped Storage""",0
615,2018-10-21,8,"""Biomass""",1765
616,2018-10-21,9,"""Solar""",0
617,2018-10-21,9,"""Wind Offshore""",1483.57
618,2018-10-21,9,"""Wind Onshore""",3341.072
619,2018-10-21,9,"""Other""",63
620,2018-10-21,9,"""Nuclear""",5377
621,2018-10-21,9,"""Fossil Oil""",0
622,2018-10-21,9,"""Fossil Gas""",6921
623,2018-10-21,9,"""Fossil Hard coal""",0
624,2018-10-21,9,"""Hydro Run-of-river and poundage""",525
625,2018-10-21,9,"""Hydro Pumped Storage""",0
626,2018-10-21,9,"""Biomass""",1758
627,2018-10-21,10,"""Solar""",0
628,2018-10-21,10,"""Wind Offshore""",1546.423
629,2018-10-21,10,"""Wind Onshore""",3314.089
630,2018-10-21,10,"""Other""",64
631,2018-10-21,10,"""Nuclear""",5388
632,2018-10-21,10,"""Fossil Oil""",0
633,2018-10-21,10,"""Fossil Gas""",6737
634,2018-10-21,10,"""Fossil Hard coal""",0
635,2018-10-21,10,"""Hydro Run-of-river and poundage""",527
636,2018-10-21,10,"""Hydro Pumped Storage""",0
637,2018-10-21,10,"""Biomass""",1763
638,2018-10-21,11,"""Hydro Run-of-river and poundage""",549
639,2018-10-21,11,"""Hydro Pumped Storage""",0
640,2018-10-21,11,"""Biomass""",1764
641,2018-10-21,11,"""Solar""",0
642,2018-10-21,11,"""Wind Offshore""",1600.405
643,2018-10-21,11,"""Wind Onshore""",3478.743
644,2018-10-21,11,"""Other""",63
645,2018-10-21,11,"""Nuclear""",5378
646,2018-10-21,11,"""Fossil Oil""",0
647,2018-10-21,11,"""Fossil Gas""",6719
648,2018-10-21,11,"""Fossil Hard coal""",0
649,2018-10-21,13,"""Solar""",0
650,2018-10-21,13,"""Wind Offshore""",1655.494
651,2018-10-21,13,"""Wind Onshore""",3625.326
652,2018-10-21,13,"""Other""",64
653,2018-10-21,13,"""Nuclear""",5374
654,2018-10-21,13,"""Fossil Oil""",0
655,2018-10-21,13,"""Fossil Gas""",7240
656,2018-10-21,13,"""Fossil Hard coal""",0
657,2018-10-21,13,"""Hydro Run-of-river and poundage""",575
658,2018-10-21,13,"""Hydro Pumped Storage""",0
659,2018-10-21,13,"""Biomass""",1764
660,2018-10-21,14,"""Solar""",1
661,2018-10-21,14,"""Wind Offshore""",1861.464
662,2018-10-21,14,"""Wind Onshore""",3435.159
663,2018-10-21,14,"""Other""",64
664,2018-10-21,14,"""Nuclear""",5367
665,2018-10-21,14,"""Fossil Oil""",0
666,2018-10-21,14,"""Fossil Gas""",7629
667,2018-10-21,14,"""Fossil Hard coal""",0
668,2018-10-21,14,"""Hydro Run-of-river and poundage""",572
669,2018-10-21,14,"""Hydro Pumped Storage""",0
670,2018-10-21,14,"""Biomass""",1763
671,2018-10-21,15,"""Solar""",1
672,2018-10-21,15,"""Wind Offshore""",1952.119
673,2018-10-21,15,"""Wind Onshore""",3600.476
674,2018-10-21,15,"""Other""",64
675,2018-10-21,15,"""Nuclear""",5375
676,2018-10-21,15,"""Fossil Oil""",0
677,2018-10-21,15,"""Fossil Gas""",8581
678,2018-10-21,15,"""Fossil Hard coal""",0
679,2018-10-21,15,"""Hydro Run-of-river and poundage""",535
680,2018-10-21,15,"""Hydro Pumped Storage""",0
681,2018-10-21,15,"""Biomass""",1769
682,2018-10-21,16,"""Solar""",14
683,2018-10-21,16,"""Wind Offshore""",1960.777
684,2018-10-21,16,"""Wind Onshore""",3555.017
685,2018-10-21,16,"""Other""",63
686,2018-10-21,16,"""Nuclear""",5368
687,2018-10-21,16,"""Fossil Oil""",0
688,2018-10-21,16,"""Fossil Gas""",8615
689,2018-10-21,16,"""Fossil Hard coal""",0
690,2018-10-21,16,"""Hydro Run-of-river and poundage""",532
691,2018-10-21,16,"""Hydro Pumped Storage""",0
692,2018-10-21,16,"""Biomass""",1769
693,2018-10-21,17,"""Solar""",265
694,2018-10-21,17,"""Wind Offshore""",1972.125
695,2018-10-21,17,"""Wind Onshore""",3917.592
696,2018-10-21,17,"""Other""",64
697,2018-10-21,17,"""Nuclear""",5378
698,2018-10-21,17,"""Fossil Oil""",0
699,2018-10-21,17,"""Fossil Gas""",9312
700,2018-10-21,17,"""Fossil Hard coal""",0
701,2018-10-21,17,"""Hydro Run-of-river and poundage""",704
702,2018-10-21,17,"""Hydro Pumped Storage""",0
703,2018-10-21,17,"""Biomass""",1777
704,2018-10-21,18,"""Solar""",889
705,2018-10-21,18,"""Wind Offshore""",1919.379
706,2018-10-21,18,"""Wind Onshore""",4103.093
707,2018-10-21,18,"""Other""",63
708,2018-10-21,18,"""Nuclear""",5243
709,2018-10-21,18,"""Fossil Oil""",0
710,2018-10-21,18,"""Fossil Gas""",10043
711,2018-10-21,18,"""Fossil Hard coal""",0
712,2018-10-21,18,"""Hydro Run-of-river and poundage""",907
713,2018-10-21,18,"""Hydro Pumped Storage""",147
714,2018-10-21,18,"""Biomass""",1779
715,2018-10-21,19,"""Solar""",1600
716,2018-10-21,19,"""Wind Offshore""",1879.88
717,2018-10-21,19,"""Wind Onshore""",4267.854
718,2018-10-21,19,"""Other""",63
719,2018-10-21,19,"""Nuclear""",5155
720,2018-10-21,19,"""Fossil Oil""",0
721,2018-10-21,19,"""Fossil Gas""",10016
722,2018-10-21,19,"""Fossil Hard coal""",0
723,2018-10-21,19,"""Hydro Run-of-river and poundage""",914
724,2018-10-21,19,"""Hydro Pumped Storage""",156
725,2018-10-21,19,"""Biomass""",1783
726,2018-10-21,20,"""Solar""",2390
727,2018-10-21,20,"""Wind Offshore""",1937.139
728,2018-10-21,20,"""Wind Onshore""",4246.992
729,2018-10-21,20,"""Other""",63
730,2018-10-21,20,"""Nuclear""",5145
731,2018-10-21,20,"""Fossil Oil""",0
732,2018-10-21,20,"""Fossil Gas""",10406
733,2018-10-21,20,"""Fossil Hard coal""",0
734,2018-10-21,20,"""Hydro Run-of-river and poundage""",719
735,2018-10-21,20,"""Hydro Pumped Storage""",149
736,2018-10-21,20,"""Biomass""",1776
737,2018-10-21,21,"""Solar""",3020
738,2018-10-21,21,"""Wind Offshore""",1982.987
739,2018-10-21,21,"""Wind Onshore""",3987.767
740,2018-10-21,21,"""Other""",56
741,2018-10-21,21,"""Nuclear""",5146
742,2018-10-21,21,"""Fossil Oil""",0
743,2018-10-21,21,"""Fossil Gas""",10584
744,2018-10-21,21,"""Fossil Hard coal""",0
745,2018-10-21,21,"""Hydro Run-of-river and poundage""",718
746,2018-10-21,21,"""Hydro Pumped Storage""",194
747,2018-10-21,21,"""Biomass""",1770
748,2018-10-21,22,"""Solar""",3660
749,2018-10-21,22,"""Wind Offshore""",2040.835
750,2018-10-21,22,"""Wind Onshore""",3925.746
751,2018-10-21,22,"""Other""",55
752,2018-10-21,22,"""Nuclear""",5136
753,2018-10-21,22,"""Fossil Oil""",0
754,2018-10-21,22,"""Fossil Gas""",10292
755,2018-10-21,22,"""Fossil Hard coal""",0
756,2018-10-21,22,"""Hydro Run-of-river and poundage""",809
757,2018-10-21,22,"""Hydro Pumped Storage""",179
758,2018-10-21,22,"""Biomass""",1767
759,2018-10-21,23,"""Solar""",4290
760,2018-10-21,23,"""Wind Offshore""",1927.781
761,2018-10-21,23,"""Wind Onshore""",4078.614
762,2018-10-21,23,"""Other""",55
763,2018-10-21,23,"""Nuclear""",5139
764,2018-10-21,23,"""Fossil Oil""",0
765,2018-10-21,23,"""Fossil Gas""",10400
766,2018-10-21,23,"""Fossil Hard coal""",0
767,2018-10-21,23,"""Hydro Run-of-river and poundage""",791
768,2018-10-21,23,"""Hydro Pumped Storage""",150
769,2018-10-21,23,"""Biomass""",1770
770,2018-10-21,24,"""Solar""",4670
771,2018-10-21,24,"""Wind Offshore""",1941.685
772,2018-10-21,24,"""Wind Onshore""",4610.782
773,2018-10-21,24,"""Other""",61
774,2018-10-21,24,"""Nuclear""",5151
775,2018-10-21,24,"""Fossil Oil""",0
776,2018-10-21,24,"""Fossil Gas""",9374
777,2018-10-21,24,"""Fossil Hard coal""",0
778,2018-10-21,24,"""Hydro Run-of-river and poundage""",783
779,2018-10-21,24,"""Hydro Pumped Storage""",149
780,2018-10-21,24,"""Biomass""",1777
781,2018-10-21,25,"""Solar""",4910
782,2018-10-21,25,"""Wind Offshore""",1899.65
783,2018-10-21,25,"""Wind Onshore""",4877.021
784,2018-10-21,25,"""Other""",64
785,2018-10-21,25,"""Nuclear""",5142
786,2018-10-21,25,"""Fossil Oil""",0
787,2018-10-21,25,"""Fossil Gas""",9155
788,2018-10-21,25,"""Fossil Hard coal""",0
789,2018-10-21,25,"""Hydro Run-of-river and poundage""",631
790,2018-10-21,25,"""Hydro Pumped Storage""",198
791,2018-10-21,25,"""Biomass""",1778
792,2018-10-21,26,"""Solar""",4990
793,2018-10-21,26,"""Wind Offshore""",1888.237
794,2018-10-21,26,"""Wind Onshore""",4715.528
795,2018-10-21,26,"""Other""",63
796,2018-10-21,26,"""Nuclear""",5148
797,2018-10-21,26,"""Fossil Oil""",0
798,2018-10-21,26,"""Fossil Gas""",9428
799,2018-10-21,26,"""Fossil Hard coal""",0
800,2018-10-21,26,"""Hydro Run-of-river and poundage""",496
801,2018-10-21,26,"""Hydro Pumped Storage""",150
802,2018-10-21,26,"""Biomass""",1774
803,2018-10-21,27,"""Solar""",4880
804,2018-10-21,27,"""Wind Offshore""",1927.808
805,2018-10-21,27,"""Wind Onshore""",4867.362
806,2018-10-21,27,"""Other""",63
807,2018-10-21,27,"""Nuclear""",5136
808,2018-10-21,27,"""Fossil Oil""",0
809,2018-10-21,27,"""Fossil Gas""",8964
810,2018-10-21,27,"""Fossil Hard coal""",0
811,2018-10-21,27,"""Hydro Run-of-river and poundage""",487
812,2018-10-21,27,"""Hydro Pumped Storage""",150
813,2018-10-21,27,"""Biomass""",1776
814,2018-10-21,28,"""Solar""",4650
815,2018-10-21,28,"""Wind Offshore""",1960.074
816,2018-10-21,28,"""Wind Onshore""",4980.701
817,2018-10-21,28,"""Other""",62
818,2018-10-21,28,"""Nuclear""",5142
819,2018-10-21,28,"""Fossil Oil""",0
820,2018-10-21,28,"""Fossil Gas""",8555
821,2018-10-21,28,"""Fossil Hard coal""",0
822,2018-10-21,28,"""Hydro Run-of-river and poundage""",481
823,2018-10-21,28,"""Hydro Pumped Storage""",155
824,2018-10-21,28,"""Biomass""",1776
825,2018-10-21,29,"""Solar""",4420
826,2018-10-21,29,"""Wind Offshore""",1906.381
827,2018-10-21,29,"""Wind Onshore""",5256.659
828,2018-10-21,29,"""Other""",63
829,2018-10-21,29,"""Nuclear""",5211
830,2018-10-21,29,"""Fossil Oil""",0
831,2018-10-21,29,"""Fossil Gas""",8218
832,2018-10-21,29,"""Fossil Hard coal""",0
833,2018-10-21,29,"""Hydro Run-of-river and poundage""",483
834,2018-10-21,29,"""Hydro Pumped Storage""",360
835,2018-10-21,29,"""Biomass""",1767
836,2018-10-21,30,"""Solar""",3890
837,2018-10-21,30,"""Wind Offshore""",1772.146
838,2018-10-21,30,"""Wind Onshore""",5329.891
839,2018-10-21,30,"""Other""",63
840,2018-10-21,30,"""Nuclear""",5357
841,2018-10-21,30,"""Fossil Oil""",0
842,2018-10-21,30,"""Fossil Gas""",8283
843,2018-10-21,30,"""Fossil Hard coal""",0
844,2018-10-21,30,"""Hydro Run-of-river and poundage""",475
845,2018-10-21,30,"""Hydro Pumped Storage""",202
846,2018-10-21,30,"""Biomass""",1775
847,2018-10-21,31,"""Solar""",3250
848,2018-10-21,31,"""Wind Offshore""",1704.642
849,2018-10-21,31,"""Wind Onshore""",5386.413
850,2018-10-21,31,"""Other""",62
851,2018-10-21,31,"""Nuclear""",5337
852,2018-10-21,31,"""Fossil Oil""",0
853,2018-10-21,31,"""Fossil Gas""",8585
854,2018-10-21,31,"""Fossil Hard coal""",0
855,2018-10-21,31,"""Hydro Run-of-river and poundage""",482
856,2018-10-21,31,"""Hydro Pumped Storage""",445
857,2018-10-21,31,"""Biomass""",1769
858,2018-10-21,32,"""Solar""",2550
859,2018-10-21,32,"""Wind Offshore""",1739.701
860,2018-10-21,32,"""Wind Onshore""",5327.184
861,2018-10-21,32,"""Other""",62
862,2018-10-21,32,"""Nuclear""",5193
863,2018-10-21,32,"""Fossil Oil""",0
864,2018-10-21,32,"""Fossil Gas""",10059
865,2018-10-21,32,"""Fossil Hard coal""",0
866,2018-10-21,32,"""Hydro Run-of-river and poundage""",471
867,2018-10-21,32,"""Hydro Pumped Storage""",177
868,2018-10-21,32,"""Biomass""",1779
869,2018-10-21,33,"""Solar""",1820
870,2018-10-21,33,"""Wind Offshore""",1867.32
871,2018-10-21,33,"""Wind Onshore""",5486.622
872,2018-10-21,33,"""Other""",62
873,2018-10-21,33,"""Nuclear""",5142
874,2018-10-21,33,"""Fossil Oil""",0
875,2018-10-21,33,"""Fossil Gas""",11032
876,2018-10-21,33,"""Fossil Hard coal""",0
877,2018-10-21,33,"""Hydro Run-of-river and poundage""",495
878,2018-10-21,33,"""Hydro Pumped Storage""",163
879,2018-10-21,33,"""Biomass""",1767
880,2018-10-21,34,"""Solar""",1050
881,2018-10-21,34,"""Wind Offshore""",1786.377
882,2018-10-21,34,"""Wind Onshore""",5701.026
883,2018-10-21,34,"""Other""",62
884,2018-10-21,34,"""Nuclear""",5147
885,2018-10-21,34,"""Fossil Oil""",0
886,2018-10-21,34,"""Fossil Gas""",12495
887,2018-10-21,34,"""Fossil Hard coal""",0
888,2018-10-21,34,"""Hydro Run-of-river and poundage""",491
889,2018-10-21,34,"""Hydro Pumped Storage""",153
890,2018-10-21,34,"""Biomass""",1772
891,2018-10-21,35,"""Solar""",417
892,2018-10-21,35,"""Wind Offshore""",1762.3
893,2018-10-21,35,"""Wind Onshore""",5709.133
894,2018-10-21,35,"""Other""",62
895,2018-10-21,35,"""Nuclear""",5154
896,2018-10-21,35,"""Fossil Oil""",0
897,2018-10-21,35,"""Fossil Gas""",13868
898,2018-10-21,35,"""Fossil Hard coal""",0
899,2018-10-21,35,"""Hydro Run-of-river and poundage""",518
900,2018-10-21,35,"""Hydro Pumped Storage""",150
901,2018-10-21,35,"""Biomass""",1774
902,2018-10-21,36,"""Solar""",53
903,2018-10-21,36,"""Wind Offshore""",1928.232
904,2018-10-21,36,"""Wind Onshore""",5737.425
905,2018-10-21,36,"""Other""",62
906,2018-10-21,36,"""Nuclear""",5129
907,2018-10-21,36,"""Fossil Oil""",0
908,2018-10-21,36,"""Fossil Gas""",14330
909,2018-10-21,36,"""Fossil Hard coal""",0
910,2018-10-21,36,"""Hydro Run-of-river and poundage""",554
911,2018-10-21,36,"""Hydro Pumped Storage""",271
912,2018-10-21,36,"""Biomass""",1769
913,2018-10-21,37,"""Solar""",9
914,2018-10-21,37,"""Wind Offshore""",2025.293
915,2018-10-21,37,"""Wind Onshore""",5721.99
916,2018-10-21,37,"""Other""",62
917,2018-10-21,37,"""Nuclear""",5162
918,2018-10-21,37,"""Fossil Oil""",0
919,2018-10-21,37,"""Fossil Gas""",14708
920,2018-10-21,37,"""Fossil Hard coal""",0
921,2018-10-21,37,"""Hydro Run-of-river and poundage""",595
922,2018-10-21,37,"""Hydro Pumped Storage""",972
923,2018-10-21,37,"""Biomass""",1783
924,2018-10-21,38,"""Solar""",7
925,2018-10-21,38,"""Wind Offshore""",2136.573
926,2018-10-21,38,"""Wind Onshore""",5254.734
927,2018-10-21,38,"""Other""",63
928,2018-10-21,38,"""Nuclear""",5315
929,2018-10-21,38,"""Fossil Oil""",0
930,2018-10-21,38,"""Fossil Gas""",15480
931,2018-10-21,38,"""Fossil Hard coal""",0
932,2018-10-21,38,"""Hydro Run-of-river and poundage""",738
933,2018-10-21,38,"""Hydro Pumped Storage""",1253
934,2018-10-21,38,"""Biomass""",1794
935,2018-10-21,39,"""Solar""",3
936,2018-10-21,39,"""Wind Offshore""",2312.72
937,2018-10-21,39,"""Wind Onshore""",4973.909
938,2018-10-21,39,"""Other""",62
939,2018-10-21,39,"""Nuclear""",5342
940,2018-10-21,39,"""Fossil Oil""",0
941,2018-10-21,39,"""Fossil Gas""",15165
942,2018-10-21,39,"""Fossil Hard coal""",0
943,2018-10-21,39,"""Hydro Run-of-river and poundage""",780
944,2018-10-21,39,"""Hydro Pumped Storage""",1309
945,2018-10-21,39,"""Biomass""",1800
946,2018-10-21,40,"""Solar""",2
947,2018-10-21,40,"""Wind Offshore""",2561.683
948,2018-10-21,40,"""Wind Onshore""",5248.713
949,2018-10-21,40,"""Other""",62
950,2018-10-21,40,"""Nuclear""",5336
951,2018-10-21,40,"""Fossil Oil""",0
952,2018-10-21,40,"""Fossil Gas""",14335
953,2018-10-21,40,"""Fossil Hard coal""",0
954,2018-10-21,40,"""Hydro Run-of-river and poundage""",778
955,2018-10-21,40,"""Hydro Pumped Storage""",839
956,2018-10-21,40,"""Biomass""",1803
957,2018-10-21,41,"""Solar""",2
958,2018-10-21,41,"""Wind Offshore""",2576.167
959,2018-10-21,41,"""Wind Onshore""",5330.649
960,2018-10-21,41,"""Other""",63
961,2018-10-21,41,"""Nuclear""",5340
962,2018-10-21,41,"""Fossil Oil""",0
963,2018-10-21,41,"""Fossil Gas""",14064
964,2018-10-21,41,"""Fossil Hard coal""",0
965,2018-10-21,41,"""Hydro Run-of-river and poundage""",724
966,2018-10-21,41,"""Hydro Pumped Storage""",394
967,2018-10-21,41,"""Biomass""",1684
968,2018-10-21,42,"""Solar""",3
969,2018-10-21,42,"""Wind Offshore""",2710.42
970,2018-10-21,42,"""Wind Onshore""",5231.286
971,2018-10-21,42,"""Other""",62
972,2018-10-21,42,"""Nuclear""",5350
973,2018-10-21,42,"""Fossil Oil""",0
974,2018-10-21,42,"""Fossil Gas""",13640
975,2018-10-21,42,"""Fossil Hard coal""",0
976,2018-10-21,42,"""Hydro Run-of-river and poundage""",619
977,2018-10-21,42,"""Hydro Pumped Storage""",150
978,2018-10-21,42,"""Biomass""",1676
979,2018-10-21,43,"""Solar""",2
980,2018-10-21,43,"""Wind Offshore""",2950.135
981,2018-10-21,43,"""Wind Onshore""",5536.264
982,2018-10-21,43,"""Other""",62
983,2018-10-21,43,"""Nuclear""",5333
984,2018-10-21,43,"""Fossil Oil""",0
985,2018-10-21,43,"""Fossil Gas""",11741
986,2018-10-21,43,"""Fossil Hard coal""",0
987,2018-10-21,43,"""Hydro Run-of-river and poundage""",587
988,2018-10-21,43,"""Hydro Pumped Storage""",410
989,2018-10-21,43,"""Biomass""",1680
990,2018-10-21,44,"""Solar""",0
991,2018-10-21,44,"""Wind Offshore""",2911.621
992,2018-10-21,44,"""Wind Onshore""",5403.975
993,2018-10-21,44,"""Other""",64
994,2018-10-21,44,"""Nuclear""",5287
995,2018-10-21,44,"""Fossil Oil""",0
996,2018-10-21,44,"""Fossil Gas""",10514
997,2018-10-21,44,"""Fossil Hard coal""",0
998,2018-10-21,44,"""Hydro Run-of-river and poundage""",585
999,2018-10-21,44,"""Hydro Pumped Storage""",242
1000,2018-10-21,44,"""Biomass""",1681
1001,2018-10-21,45,"""Solar""",0
1002,2018-10-21,45,"""Wind Offshore""",3082.659
1003,2018-10-21,45,"""Wind Onshore""",5373.716
1004,2018-10-21,45,"""Other""",63
1005,2018-10-21,45,"""Nuclear""",5153
1006,2018-10-21,45,"""Fossil Oil""",0
1007,2018-10-21,45,"""Fossil Gas""",9597
1008,2018-10-21,45,"""Fossil Hard coal""",0
1009,2018-10-21,45,"""Hydro Run-of-river and poundage""",461
1010,2018-10-21,45,"""Hydro Pumped Storage""",186
1011,2018-10-21,45,"""Biomass""",1680
1012,2018-10-21,46,"""Solar""",0
1013,2018-10-21,46,"""Wind Offshore""",3443.695
1014,2018-10-21,46,"""Wind Onshore""",5593.08
1015,2018-10-21,46,"""Other""",63
1016,2018-10-21,46,"""Nuclear""",5151
1017,2018-10-21,46,"""Fossil Oil""",0
1018,2018-10-21,46,"""Fossil Gas""",7851
1019,2018-10-21,46,"""Fossil Hard coal""",0
1020,2018-10-21,46,"""Hydro Run-of-river and poundage""",483
1021,2018-10-21,46,"""Hydro Pumped Storage""",151
1022,2018-10-21,46,"""Biomass""",1676
1023,2018-10-21,47,"""Solar""",0
1024,2018-10-21,47,"""Wind Offshore""",3581.672
1025,2018-10-21,47,"""Wind Onshore""",5472.347
1026,2018-10-21,47,"""Other""",63
1027,2018-10-21,47,"""Nuclear""",5166
1028,2018-10-21,47,"""Fossil Oil""",0
1029,2018-10-21,47,"""Fossil Gas""",6210
1030,2018-10-21,47,"""Fossil Hard coal""",0
1031,2018-10-21,47,"""Hydro Run-of-river and poundage""",476
1032,2018-10-21,47,"""Hydro Pumped Storage""",103
1033,2018-10-21,47,"""Biomass""",1678
1034,2018-10-21,48,"""Solar""",0
1035,2018-10-21,48,"""Wind Offshore""",3605.621
1036,2018-10-21,48,"""Wind Onshore""",5350.319
1037,2018-10-21,48,"""Other""",64
1038,2018-10-21,48,"""Nuclear""",5171
1039,2018-10-21,48,"""Fossil Oil""",0
1040,2018-10-21,48,"""Fossil Gas""",5678
1041,2018-10-21,48,"""Fossil Hard coal""",0
1042,2018-10-21,48,"""Hydro Run-of-river and poundage""",468
1043,2018-10-21,48,"""Hydro Pumped Storage""",0
1044,2018-10-21,48,"""Biomass""",1684
1045,2018-10-22,1,"""Solar""",0
1046,2018-10-22,1,"""Wind Offshore""",3893.392
1047,2018-10-22,1,"""Wind Onshore""",5507.181
1048,2018-10-22,1,"""Other""",64
1049,2018-10-22,1,"""Nuclear""",5171
1050,2018-10-22,1,"""Fossil Oil""",0
1051,2018-10-22,1,"""Fossil Gas""",4502
1052,2018-10-22,1,"""Fossil Hard coal""",0
1053,2018-10-22,1,"""Hydro Run-of-river and poundage""",467
1054,2018-10-22,1,"""Hydro Pumped Storage""",0
1055,2018-10-22,1,"""Biomass""",1681
1056,2018-10-22,2,"""Solar""",0
1057,2018-10-22,2,"""Wind Offshore""",3763.85
1058,2018-10-22,2,"""Wind Onshore""",5637.888
1059,2018-10-22,2,"""Other""",64
1060,2018-10-22,2,"""Nuclear""",5183
1061,2018-10-22,2,"""Fossil Oil""",0
1062,2018-10-22,2,"""Fossil Gas""",3986
1063,2018-10-22,2,"""Fossil Hard coal""",0
1064,2018-10-22,2,"""Hydro Run-of-river and poundage""",442
1065,2018-10-22,2,"""Hydro Pumped Storage""",0
1066,2018-10-22,2,"""Biomass""",1682
1067,2018-10-22,3,"""Solar""",0
1068,2018-10-22,3,"""Wind Offshore""",3689.507
1069,2018-10-22,3,"""Wind Onshore""",5691.835
1070,2018-10-22,3,"""Other""",64
1071,2018-10-22,3,"""Nuclear""",5188
1072,2018-10-22,3,"""Fossil Oil""",0
1073,2018-10-22,3,"""Fossil Gas""",4150
1074,2018-10-22,3,"""Fossil Hard coal""",0
1075,2018-10-22,3,"""Hydro Run-of-river and poundage""",428
1076,2018-10-22,3,"""Hydro Pumped Storage""",0
1077,2018-10-22,3,"""Biomass""",1678
